submission_id,final_score,max_score,feedback,assignment_type,file
student_priya_Result,72.6,100,## AI Evaluator,mixed,N/A
student_priya_Result,72.6,100,**Summary**: This submission implements both iterative and recursive versions of the binary search algorithm to efficiently locate a target value within a sorted list.,mixed,N/A
student_priya_Result,72.6,100,"**Corrections Needed**: While your implementation is technically sound, you need to provide more descriptive internal documentation to fully explain how the algorithm is working. To improve your readability score, you should write comments right before your loops or conditional blocks explaining the logic; for example, before your `while` loop, you could add: `# Narrow down the search range by comparing the target to the middle element.` Additionally, it is important to provide a more thorough detail of the complexity of your approach in the docstrings. You should explain the time and space complexity of these functions, including a brief comparison to show why this $O(\log n)$ algorithm is preferred over a standard linear search in Python. Specifically, explain how the space complexity differs between your iterative and recursive versions to show a complete understanding of the overhead involved in each method.",mixed,N/A
student_priya_Result,72.6,100,**Strengths**:,mixed,N/A
student_priya_Result,72.6,100,* The code demonstrates a strong grasp of algorithmic complexity with a high technical score (58.5) and appropriate nesting depth.,mixed,N/A
student_priya_Result,72.6,100,* You successfully implemented the required control flow using four distinct conditions and loops to handle the search logic.,mixed,N/A
student_priya_Result,72.6,100,"* The functions correctly match the problem tokens, showing that both the iterative and recursive structures are accurately built.",mixed,N/A
student_priya_Result,72.6,100,"**Summary**: This submission provides a comprehensive technical overview of the Binary Search algorithm, covering its divide-and-conquer logic, time and space complexity, and a comparative analysis against linear search.",mixed,N/A
student_priya_Result,72.6,100,"**Corrections Needed**: To further refine your explanation, you should focus on the ""Flow"" and ""Completeness"" criteria by integrating more transition words and specific illustrations. For example, between your ""Step by Step Process"" and ""Time Complexity Analysis,"" you might add a sentence like, ""Building upon this step-by-step logic, we can quantify the efficiency of the algorithm."" Regarding your conceptual depth, the evaluation noted a need for more concrete examples. You can achieve this by inserting a walkthrough of a specific array, such as: ""If we have the array [10, 20, 30, 40, 50] and our target is 40, the process begins by **comparing** 40 to the middle element, 30."" Additionally, ensure you are explicitly describing the action of **dividing** the search interval into two halves during each iteration to fully satisfy the ""coverage"" requirements. Adding these specific terms and examples will bridge the gap between high-level theory and practical application.",mixed,N/A
student_priya_Result,72.6,100,"* Excellent conceptual coverage and semantic alignment with the reference material, effectively capturing 8 out of 10 key concepts.",mixed,N/A
student_priya_Result,72.6,100,"* The structure is highly organized with 56 distinct sections, making the technical information easy to navigate.",mixed,N/A
student_priya_Result,72.6,100,"* You provided substantial content (577 words) with clear, varied sentence structures and strong evidence to support your complexity analysis.",mixed,N/A
student_priya_Result,72.6,100,,mixed,N/A
